<?xml version="1.0" encoding="UTF-8"?>
<ti:module xmlns:ti="http://ti.appcelerator.org" xmlns:android="http://schemas.android.com/apk/res/android">
	<!--
		Similar to tiapp.xml, but contains module/platform specific
		configuration in <iphone>, <android>, and <mobileweb> sections
	-->
	<iphone>
	</iphone>
	<android xmlns:android="http://schemas.android.com/apk/res/android">
	        <manifest>
	            <uses-permission android:name="android.permission.BLUETOOTH_ADMIN"/>
	            <uses-permission android:name="android.permission.BLUETOOTH"/>
	            <uses-permission android:name="android.permission.RECEIVE_BOOT_COMPLETED"/>
	            <uses-feature android:name="android.hardware.bluetooth_le" android:required="false"/>
	
	            <application>
	                <service android:name="com.neverhide.bletransmitter"/>
	                <receiver android:label="BootReceiver" android:name="com.neverhide.bletransmitter">
	                    <intent-filter>
	                        <action android:name="android.intent.action.BOOT_COMPLETED"/>
	                    </intent-filter>
	                </receiver>
	            </application>
	        </manifest>
	</android>
	<mobileweb>
	</mobileweb>
</ti:module>
